replicate,scenario_days,lp_avoided_train,lp_avoided_test,uniform_avoided_train,uniform_avoided_test,gain_train,gain_test
0,10,741.2115,917.3338,257.6896,612.5165,1.8764,0.4976
0,30,656.26,1031.1883,315.0028,606.3021,1.0833,0.7008
0,60,600.3285,1046.57,313.5191,602.0346,0.9148,0.7384
0,90,617.254,1154.9149,320.7146,591.8189,0.9246,0.9515
0,150,613.3993,1111.92,338.6126,591.5667,0.8115,0.8796
0,210,617.3923,1105.45,347.2596,584.5112,0.7779,0.8912
0,273,616.3369,1092.6166,353.247,582.2743,0.7448,0.8765
1,10,890.6523,832.2487,380.7502,591.5155,1.3392,0.407
1,30,785.0663,999.0851,405.6017,590.7517,0.9356,0.6912
1,60,720.6443,1021.2654,389.8414,578.6326,0.8486,0.765
1,90,684.0527,1040.8076,374.454,578.6285,0.8268,0.7987
1,150,656.6823,1038.725,375.0854,580.3314,0.7508,0.7899
1,210,639.1255,1067.0605,367.7769,580.5671,0.7378,0.838
2,10,1023.3497,746.968,412.6919,553.2529,1.4797,0.3501
2,30,862.5163,933.0978,431.6313,561.9486,0.9983,0.6605
2,60,735.7215,996.2836,388.3853,576.8038,0.8943,0.7272
2,90,674.4977,1043.6892,367.8768,579.578,0.8335,0.8008
2,150,638.1219,1059.8193,360.4008,581.143,0.7706,0.8237
2,210,623.735,1077.6986,358.129,581.0623,0.7416,0.8547
