policy,budget,avoided_test,avoided_test_lo,avoided_test_hi,gain_vs_uniform,gain_vs_uniform_lo,gain_vs_uniform_hi,avoided_train,buffer_test,buffer_train,cells_padded,avoided_per_buffer_min
LP-optimised,0,0.0,0.0,0.0,0.0,0.0,0.0,0.0,0.0,0.0,0,
"LP, 5-min steps",0,0.0,0.0,0.0,0.0,0.0,0.0,0.0,0.0,0.0,0,
Marginal greedy,0,0.0,0.0,0.0,0.0,0.0,0.0,0.0,0.0,0.0,0,
Greedy,0,0.0,0.0,0.0,0.0,0.0,0.0,0.0,0.0,0.0,0,
Uniform,0,0.0,0.0,0.0,0.0,0.0,0.0,0.0,0.0,0.0,0,
"Uniform, 5-min steps",0,0.0,0.0,0.0,0.0,0.0,0.0,0.0,0.0,0.0,0,
LP-optimised,150,359.8737,334.5744,383.1994,214.2882,197.6535,230.3446,190.3221,200.2368,150.0,54,1.7972
"LP, 5-min steps",150,368.7465,342.331,394.0499,223.161,204.5734,240.4302,188.5799,208.3152,150.1465,33,1.7701
Marginal greedy,150,370.3508,340.0398,397.8424,224.7653,194.0774,253.089,171.7552,218.5658,150.0,19,1.6945
Greedy,150,142.1932,119.6415,164.642,-3.3923,-14.7076,9.6858,89.7608,191.4146,150.0,29,0.7429
Uniform,150,145.5855,129.9735,160.9256,0.0,0.0,0.0,88.3219,160.7935,150.0,1565,0.9054
"Uniform, 5-min steps",150,149.1656,134.8878,163.4474,3.5801,-2.6361,9.3341,92.7317,154.6739,149.9817,29,0.9644
LP-optimised,300,621.2483,578.8372,662.5801,330.0773,309.0719,350.0024,341.4627,378.2042,300.0,112,1.6426
"LP, 5-min steps",300,509.9072,473.0525,546.3413,218.7362,201.1673,237.0244,272.8889,302.7174,233.9377,66,1.6844
Marginal greedy,300,619.3193,576.1876,660.6029,328.1483,301.9074,355.3855,306.4622,401.6247,300.0,34,1.542
Greedy,300,248.2832,209.5095,285.496,-42.8878,-59.8626,-25.113,160.8345,366.1392,300.0,41,0.6781
Uniform,300,291.171,259.947,321.8511,0.0,0.0,0.0,176.6438,321.5869,300.0,1565,0.9054
"Uniform, 5-min steps",300,259.7485,234.992,284.1665,-31.4225,-49.105,-14.474,158.3489,303.6957,299.9817,44,0.8553
LP-optimised,600,1092.6166,1015.2154,1169.4283,510.3423,482.2068,539.4278,616.3369,717.6713,600.0,185,1.5224
"LP, 5-min steps",600,925.6991,862.9254,987.033,343.4248,317.4198,370.1451,515.0455,611.413,496.3919,98,1.514
Marginal greedy,600,982.1148,899.2366,1068.0248,399.8405,364.3871,436.2829,534.7573,743.143,600.0,59,1.3216
Greedy,600,473.4899,406.8614,542.1622,-108.7844,-128.8016,-88.9575,311.775,758.3331,600.0,63,0.6244
Uniform,600,582.2743,519.8483,643.6014,0.0,0.0,0.0,353.247,643.1738,600.0,1565,0.9053
"Uniform, 5-min steps",600,538.091,482.0449,594.1252,-44.1833,-60.1153,-28.4247,318.6283,659.4565,600.0,81,0.816
LP-optimised,900,1508.5501,1398.3817,1619.2155,636.4094,601.9633,672.2365,871.3594,1040.6876,900.0,254,1.4496
"LP, 5-min steps",900,1295.6731,1201.8737,1387.9741,423.5324,394.8766,451.9141,730.3644,882.663,747.5275,136,1.4679
Marginal greedy,900,1333.3972,1215.4405,1460.025,461.2565,409.8892,518.6307,748.3108,1071.391,900.0,70,1.2445
Greedy,900,836.1377,732.8618,936.9235,-36.003,-65.7386,-8.3462,477.4447,1202.1835,900.0,84,0.6955
Uniform,900,872.1407,778.5481,963.9847,0.0,0.0,0.0,529.022,964.7607,900.0,1565,0.904
"Uniform, 5-min steps",900,779.3713,693.7975,866.932,-92.7694,-117.4716,-69.4652,463.3593,967.7717,900.0,116,0.8053
LP-optimised,1200,1913.6692,1768.9103,2060.0844,753.9268,716.0203,794.1377,1113.3233,1365.3534,1200.0,297,1.4016
"LP, 5-min steps",1200,1679.3561,1556.3414,1802.914,519.6137,485.3896,554.7141,943.8765,1178.2609,1009.707,164,1.4253
Marginal greedy,1200,1686.1688,1537.2834,1843.5233,526.4264,470.4641,589.3024,939.0412,1426.696,1200.0,82,1.1819
Greedy,1200,1086.7199,938.3843,1229.2963,-73.0225,-117.4001,-27.9187,620.5217,1612.1528,1200.0,103,0.6741
Uniform,1200,1159.7424,1034.9024,1281.89,0.0,0.0,0.0,703.1607,1286.3476,1200.0,1565,0.9016
"Uniform, 5-min steps",1200,1014.6325,901.8844,1128.9903,-145.1099,-172.1156,-118.1118,623.8806,1282.7717,1199.9817,152,0.791
LP-optimised,1800,2655.5584,2443.0612,2867.2973,928.5963,885.4854,974.245,1569.1734,1999.5211,1800.0,401,1.3281
"LP, 5-min steps",1800,2273.6907,2093.7679,2457.293,546.7285,509.4019,582.2441,1337.646,1706.7935,1520.6593,226,1.3321
Marginal greedy,1800,2328.1785,2142.8306,2513.1538,601.2164,544.803,660.2319,1322.569,2076.5446,1800.0,111,1.1212
Greedy,1800,1665.8528,1459.346,1870.8858,-61.1093,-111.4884,-12.6522,934.1294,2358.1266,1800.0,143,0.7064
Uniform,1800,1726.9621,1540.5299,1908.71,0.0,0.0,0.0,1045.9448,1929.5214,1800.0,1565,0.895
"Uniform, 5-min steps",1800,1510.8397,1340.0536,1684.4808,-216.1224,-248.0719,-184.0563,933.7349,1910.8696,1800.0,214,0.7907
LP-optimised,2400,3341.4247,3074.0601,3609.9563,1056.5217,1007.3776,1106.4793,1997.841,2624.9342,2400.0,468,1.273
"LP, 5-min steps",2400,2768.3369,2550.1466,2987.0742,483.4339,428.1268,538.7245,1659.9805,2157.3913,1966.5201,276,1.2832
Marginal greedy,2400,3017.291,2744.738,3297.498,732.388,669.5867,802.3259,1675.9021,2814.6137,2400.0,139,1.072
Greedy,2400,2256.2714,1997.5687,2516.2286,-28.6316,-84.8573,27.6774,1230.5895,3090.8464,2400.0,167,0.73
Uniform,2400,2284.9031,2038.0202,2525.9634,0.0,0.0,0.0,1382.1617,2572.6953,2400.0,1565,0.8881
"Uniform, 5-min steps",2400,1955.4291,1733.0257,2173.6392,-329.474,-364.2263,-292.1659,1228.2494,2537.9891,2399.9817,285,0.7705
