station,dep_hour_local,turns_per_day,buffer_min,propagated_delay_per_turn,marginal_value_per_min,buffer_min_per_day
SFO,10,2.0366,19.0,23.1065,1.2771,38.696
SFO,11,1.9231,14.2319,20.4086,1.0692,27.369
SFO,13,1.3443,20.0,27.5464,1.2599,26.8864
SAN,13,6.1905,4.1336,18.5111,0.7134,25.589
SFO,12,1.9817,11.1822,19.2086,0.923,22.1596
SAN,14,6.0293,3.0,16.3011,0.6728,18.0879
SAN,12,5.6813,3.1002,16.3228,0.6929,17.6133
SFO,15,1.7289,10.1656,25.2158,0.9196,17.5758
SEA,11,1.4542,11.0,13.4795,0.9772,15.9963
SFO,16,1.37,11.0,25.5527,0.9341,15.0696
AUS,14,7.0476,2.0331,13.8716,0.6425,14.3287
PDX,10,2.0366,6.0,9.6389,0.711,12.2198
BNA,13,10.5495,1.0166,10.9813,0.5402,10.7242
MIA,12,1.6154,6.2004,14.4522,0.7514,10.0161
BOS,15,0.9341,10.0,19.0453,0.8846,9.3407
SFO,14,1.5495,6.0,16.709,0.7603,9.2967
MCI,14,4.5495,2.0,12.0302,0.5737,9.0989
FLL,15,1.8462,4.0,13.7367,0.6699,7.3846
ATL,14,3.6117,2.0331,10.282,0.5554,7.3431
MSY,15,3.4359,2.0331,14.0529,0.5997,6.9856
AUS,13,6.6117,1.0166,10.1384,0.5277,6.7212
SEA,15,0.9597,7.0,14.673,0.7568,6.7179
MIA,11,1.0549,6.3031,13.4645,0.7815,6.6495
ONT,13,1.6007,4.0663,15.8789,0.6732,6.509
SLC,10,2.1429,3.0,7.683,0.5763,6.4286
BOS,18,1.5055,4.0663,37.5148,0.7569,6.1217
FLL,14,1.7509,3.0497,12.0226,0.6458,5.3398
PDX,13,0.8425,6.0994,14.3364,0.7342,5.1387
BOS,19,0.8022,6.0994,33.3157,0.7909,4.8929
FLL,13,1.5604,3.0497,11.4812,0.6522,4.7589
SAN,15,4.707,1.0,16.9251,0.6234,4.707
DCA,16,4.5861,1.0166,18.857,0.6478,4.662
MSY,12,2.3004,2.0,7.9213,0.5464,4.6007
ISP,14,0.3223,13.6568,17.3937,1.0084,4.4022
BDL,14,0.5495,8.0,14.0473,0.7845,4.3956
ELP,16,1.3187,3.0497,19.5047,0.6713,4.0216
FLL,16,1.9267,2.0668,17.544,0.6575,3.9822
SJC,15,3.8938,1.0166,15.3173,0.6199,3.9583
MSP,14,0.9744,4.0,14.4043,0.644,3.8974
SEA,16,0.7509,5.167,19.3238,0.8081,3.88
SEA,14,1.2527,3.0,13.3145,0.6148,3.7582
PHL,12,1.2308,3.0497,8.9002,0.5902,3.7535
MEM,12,0.8608,4.2021,12.7672,0.692,3.6172
PDX,17,1.1575,3.1002,18.1799,0.7011,3.5885
BOS,16,1.1355,3.1516,24.9449,0.7451,3.5787
DTW,12,0.8681,4.0,10.8623,0.5873,3.4725
MSY,14,3.4029,1.0166,10.538,0.556,3.4593
IND,14,1.6117,2.101,9.9265,0.5344,3.3863
SRQ,13,0.7875,4.0663,15.3733,0.6543,3.2024
OAK,16,3.1905,1.0,15.702,0.6158,3.1905
FLL,12,3.1099,1.0166,9.5682,0.5272,3.1614
PDX,14,1.5531,2.0331,10.9437,0.5492,3.1577
JAX,15,0.5678,5.3396,17.1863,0.7196,3.0316
MSP,9,0.2821,10.1656,10.5397,0.9576,2.8672
CMH,12,2.7473,1.0166,10.9598,0.5337,2.7928
RSW,14,0.9048,3.0,13.4055,0.5898,2.7143
CLT,20,0.5238,5.0828,26.8971,0.7575,2.6624
SAV,15,0.3736,7.0,20.5421,0.8011,2.6154
GRR,13,0.4762,5.3396,11.8801,0.7385,2.5427
SEA,12,1.2198,2.0668,10.7824,0.6124,2.5211
CMH,15,2.5165,1.0,13.1476,0.5835,2.5165
GEG,13,0.3956,6.0994,16.0125,0.7551,2.4129
SRQ,16,0.7949,3.0,18.0014,0.6319,2.3846
RDU,12,1.1538,2.0,10.3711,0.5303,2.3077
SEA,10,1.1099,2.0331,11.746,0.5957,2.2565
ISP,18,0.1429,15.2485,25.6268,0.9791,2.1784
BOS,20,0.4176,5.167,46.726,0.8127,2.1577
PSP,10,0.7143,3.0,12.6469,0.5998,2.1429
OKC,14,1.0366,2.0331,12.6978,0.5771,2.1076
SAV,12,0.4762,4.0,9.769,0.5969,1.9048
DTW,16,0.6227,3.0497,13.28,0.6526,1.8991
COS,13,0.4615,4.0663,14.5214,0.6483,1.8767
MIA,13,0.8755,2.101,11.1089,0.5953,1.8394
MIA,18,0.9194,2.0,27.4536,0.7119,1.8388
PBI,14,0.2234,8.1325,20.8997,0.8955,1.8172
HDN,13,0.1758,10.334,48.386,0.8799,1.817
SRQ,14,0.3516,5.0828,15.5958,0.7433,1.7874
MIA,15,0.8645,2.0,14.4596,0.603,1.7289
ISP,11,0.326,5.2526,10.3234,0.6872,1.7124
ROC,12,0.8132,2.0331,12.6331,0.5856,1.6533
CHS,14,0.5458,3.0,10.5039,0.559,1.6374
JAX,16,0.5311,3.0,19.1992,0.6651,1.5934
PSP,14,0.3883,4.0663,18.8574,0.6127,1.5788
BZN,16,0.3077,5.0828,20.6461,0.6859,1.5639
MIA,19,0.7656,2.0331,28.9511,0.734,1.5565
RDU,16,1.5275,1.0,13.0689,0.5797,1.5275
ISP,15,0.7619,2.0,13.1334,0.5979,1.5238
BDL,12,1.4872,1.0166,11.5137,0.4947,1.5118
BHM,16,0.7399,2.0331,18.4274,0.6503,1.5044
BHM,10,1.4835,1.0,11.5834,0.4442,1.4835
SBA,16,0.2857,5.167,19.1318,0.7109,1.4763
PVD,13,0.7253,2.0331,12.8776,0.5285,1.4746
RIC,12,0.7253,2.0,9.5986,0.4867,1.4505
PSP,12,0.359,4.0,13.6514,0.5975,1.4359
DTW,14,0.337,4.0663,9.9867,0.6996,1.3703
CLT,15,0.1685,8.0,14.3279,0.805,1.348
BOS,13,1.3407,1.0,12.4119,0.5397,1.3407
MTJ,13,0.1612,8.0,21.3062,0.8559,1.2894
CHS,16,0.6154,2.0,14.2754,0.6061,1.2308
BHM,11,1.2234,1.0,10.3966,0.521,1.2234
DTW,21,0.1282,9.1491,27.4594,0.9122,1.173
OMA,11,1.1429,1.0166,8.2385,0.5069,1.1618
ICT,11,0.3663,3.1516,19.1331,0.6914,1.1544
PDX,12,1.1209,1.0,8.683,0.5238,1.1209
BHM,15,1.0952,1.0166,14.6273,0.5282,1.1134
ORD,14,1.0952,1.0166,17.1967,0.5835,1.1134
CLT,12,0.5348,2.0331,8.1055,0.5199,1.0873
CLT,16,0.5311,2.0331,12.1844,0.6007,1.0799
MSP,16,1.0769,1.0,16.7899,0.596,1.0769
PSP,15,0.5055,2.0331,14.5988,0.5986,1.0277
SJU,13,0.4982,2.0331,9.0269,0.56,1.0128
SDF,12,0.9853,1.0,10.4916,0.5735,0.9853
ISP,10,0.0879,11.0,10.9437,0.8482,0.967
LIT,13,0.4835,2.0,8.3168,0.4694,0.967
COS,12,0.9341,1.0,12.2597,0.5112,0.9341
CHS,15,0.304,3.0497,14.5067,0.6142,0.9272
MEM,14,0.4542,2.0,11.5189,0.5542,0.9084
PNS,15,0.4396,2.0,18.0428,0.6723,0.8791
CVG,11,0.0513,17.0,7.3778,0.8554,0.8718
PNS,12,0.4286,2.0331,13.7467,0.595,0.8713
JAN,12,0.4066,2.1358,9.5712,0.5529,0.8684
SFO,9,0.8608,1.0,9.138,0.66,0.8608
STS,14,0.044,19.3147,12.6242,1.2923,0.849
FAT,16,0.4029,2.101,18.9945,0.651,0.8466
CHS,12,0.4103,2.0331,10.9086,0.481,0.8341
MIA,9,0.1575,5.0828,9.0135,0.7082,0.8006
EUG,14,0.7619,1.0502,13.2564,0.5917,0.8002
SEA,17,0.7802,1.0166,16.1826,0.6117,0.7931
MEM,13,0.7363,1.0,13.2825,0.5015,0.7363
PHL,19,0.7033,1.0166,29.3062,0.6956,0.7149
RIC,15,0.1722,4.0663,8.3929,0.6122,0.7001
MSP,13,0.6996,1.0,10.7281,0.5683,0.6996
AMA,15,0.3333,2.0497,17.7175,0.5913,0.6832
ECP,14,0.3407,2.0,12.9257,0.5605,0.6813
PWM,13,0.3407,2.0,6.2301,0.4459,0.6813
ROC,13,0.3114,2.0,12.5567,0.6291,0.6227
PHL,9,0.0806,7.116,7.8696,0.8327,0.5734
FAT,9,0.033,16.5345,11.8045,1.0184,0.5451
ECP,12,0.5128,1.0,9.5771,0.48,0.5128
CVG,20,0.2344,2.0668,28.3891,0.6527,0.4845
PBI,15,0.4725,1.0,14.0159,0.5154,0.4725
PWM,12,0.4615,1.0166,8.2834,0.5139,0.4692
RIC,14,0.2234,2.0331,9.2404,0.565,0.4543
PHL,20,0.4432,1.0166,31.9989,0.6949,0.4506
EUG,13,0.4139,1.0679,10.3768,0.5146,0.442
SDF,14,0.3919,1.0,13.0548,0.4992,0.3919
ICT,14,0.1905,2.0,17.9905,0.657,0.381
HRL,14,0.1868,2.0,19.3076,0.6423,0.3736
HDN,17,0.044,8.0163,31.3146,0.8287,0.3524
BZN,13,0.1099,3.1516,10.8208,0.5634,0.3463
DSM,13,0.326,1.0166,9.3286,0.5133,0.3314
BDL,20,0.0806,4.0,28.8852,0.7877,0.3223
GRR,11,0.0549,5.2526,8.132,0.5674,0.2886
MTJ,15,0.0696,4.0663,31.8928,0.6671,0.283
HDN,10,0.0147,18.1547,5.9022,0.9383,0.266
BZN,18,0.0403,6.0994,24.8609,0.7655,0.2458
FAT,17,0.2344,1.0166,27.6052,0.5834,0.2383
RNO,15,1.359,0.1668,17.1446,0.6235,0.2267
GRR,21,0.0147,15.2485,20.6578,0.9182,0.2234
RIC,10,0.011,20.0,20.9857,0.9678,0.2198
STS,17,0.011,20.0,26.8879,1.3509,0.2198
BUF,21,0.0366,5.0828,42.2993,0.6852,0.1862
ROC,19,0.1795,1.0166,23.0669,0.6167,0.1825
RIC,21,0.0183,9.2281,20.6578,1.2805,0.169
GRR,14,0.1648,1.0,11.3235,0.5031,0.1648
PNS,20,0.0806,2.0331,24.3244,0.6134,0.1638
STT,16,0.011,14.4676,18.6904,1.3123,0.159
SMF,6,0.0073,20.0,21.6415,3.4192,0.1465
TYS,16,0.0183,7.116,16.9197,0.7173,0.1303
TYS,12,0.1172,1.0,6.1789,0.4393,0.1172
DSM,20,0.0256,4.0663,24.8737,0.7303,0.1043
HOU,23,0.0037,20.0,67.8757,0.9837,0.0733
ISP,20,0.0037,20.0,79.6801,0.9837,0.0733
TPA,7,0.0037,20.0,47.2179,2.9127,0.0733
MAF,21,0.0037,20.0,141.6536,0.9837,0.0733
ONT,22,0.0037,20.0,20.6578,0.9837,0.0733
STS,10,0.011,6.0994,15.7393,0.5078,0.067
BUR,7,0.0073,9.1491,30.4949,0.675,0.067
MHT,10,0.0293,2.0,1.7215,0.24,0.0586
DAL,6,0.0073,4.0663,24.5926,0.6701,0.0298
MIA,22,0.0037,6.0994,17.7067,0.3,0.0223
GEG,19,0.0183,1.0334,36.7906,0.6135,0.0189
BHM,20,0.0073,2.0331,72.3023,0.5419,0.0149
SAT,22,0.0073,1.0166,25.0845,0.5169,0.0074
EUG,18,0.0183,0.1795,24.7894,0.5593,0.0033
