tau_eval,beta_eval,policy,avoided_test,avoided_per_buffer_min,per_min_vs_uniform
48.0,0.9837,LP-optimised,1092.6166,1.5224,1.6817
48.0,0.9837,"LP, 5-min steps",925.6991,1.514,1.6724
48.0,0.9837,Marginal greedy,982.1148,1.3216,1.4598
48.0,0.9837,Greedy,473.4899,0.6244,0.6897
48.0,0.9837,Uniform,582.2743,0.9053,1.0
48.0,0.9837,"Uniform, 5-min steps",538.091,0.816,0.9013
38.0,0.9837,LP-optimised,865.4902,1.206,1.8732
38.0,0.9837,"LP, 5-min steps",747.395,1.2224,1.8987
38.0,0.9837,Marginal greedy,819.8016,1.1032,1.7135
38.0,0.9837,Greedy,428.681,0.5653,0.8781
38.0,0.9837,Uniform,414.0724,0.6438,1.0
38.0,0.9837,"Uniform, 5-min steps",397.3359,0.6025,0.9359
43.0,0.9837,LP-optimised,980.5469,1.3663,1.7798
43.0,0.9837,"LP, 5-min steps",837.4176,1.3696,1.7842
43.0,0.9837,Marginal greedy,903.3864,1.2156,1.5836
43.0,0.9837,Greedy,453.2797,0.5977,0.7787
43.0,0.9837,Uniform,493.7305,0.7676,1.0
43.0,0.9837,"Uniform, 5-min steps",464.4337,0.7043,0.9174
53.0,0.9837,LP-optimised,1190.3645,1.6586,1.573
53.0,0.9837,"LP, 5-min steps",1001.9397,1.6387,1.5541
53.0,0.9837,Marginal greedy,1056.1265,1.4212,1.3477
53.0,0.9837,Greedy,490.7095,0.6471,0.6137
53.0,0.9837,Uniform,678.2136,1.0545,1.0
53.0,0.9837,"Uniform, 5-min steps",618.2321,0.9375,0.8891
58.0,0.9837,LP-optimised,1268.0635,1.7669,1.4732
58.0,0.9837,"LP, 5-min steps",1064.9987,1.7419,1.4523
58.0,0.9837,Marginal greedy,1120.3581,1.5076,1.257
58.0,0.9837,Greedy,505.4129,0.6665,0.5557
58.0,0.9837,Uniform,771.3958,1.1994,1.0
58.0,0.9837,"Uniform, 5-min steps",696.4429,1.0561,0.8805
48.0,0.8,LP-optimised,741.6711,1.0334,1.6652
48.0,0.8,"LP, 5-min steps",630.9007,1.0319,1.6627
48.0,0.8,Marginal greedy,688.1687,0.926,1.4921
48.0,0.8,Greedy,384.5813,0.5071,0.8172
48.0,0.8,Uniform,399.1649,0.6206,1.0
48.0,0.8,"Uniform, 5-min steps",383.1639,0.581,0.9362
