carrier,legs,tail_days,legs_per_aircraft_day,median_sched_turn_min,p25_sched_turn_min,name
WN,1377630,257376,5.3526,45.0,40.0,Southwest
OH,231823,44260,5.2378,43.0,30.0,PSA
MQ,310661,60028,5.1753,43.0,30.0,Envoy
OO,838899,166163,5.0487,46.0,40.0,SkyWest
YX,348110,72509,4.8009,46.0,40.0,Republic
F9,205368,44517,4.6132,60.0,55.0,Frontier
HA,32877,7307,4.4994,47.0,32.0,Hawaiian
G4,125665,30948,4.0605,50.0,50.0,Allegiant
DL,1020847,254243,4.0152,66.0,57.0,Delta
AS,297947,74300,4.0101,60.0,54.0,Alaska
NK,112503,29081,3.8686,65.0,55.0,Spirit
AA,965945,267371,3.6128,60.0,50.0,American
UA,817182,249729,3.2723,72.0,65.0,United
B6,229845,72373,3.1758,60.0,55.0,JetBlue
