carrier,flights,carrier_min,weather_min,nas_min,security_min,late_aircraft_min,reactionary_share,delay_min_per_flight,name
F9,209404.0,1196962.0,130166.0,892872.0,0.0,2368135.0,0.5161,21.9104,Frontier
WN,1389951.0,4862500.0,397636.0,3059588.0,53129.0,8740004.0,0.5107,12.3118,Southwest
OH,242215.0,1647172.0,454022.0,721993.0,9361.0,2801568.0,0.4973,23.2608,PSA
AA,987645.0,7028991.0,1175088.0,2847394.0,30256.0,9791003.0,0.4691,21.1338,American
B6,237090.0,1311689.0,122406.0,1214869.0,8693.0,2122809.0,0.4441,20.1631,JetBlue
MQ,317726.0,797568.0,522303.0,937683.0,4596.0,1799218.0,0.443,12.7826,Envoy
G4,126499.0,897793.0,321655.0,509085.0,7098.0,1124755.0,0.3932,22.6119,Allegiant
YX,363168.0,1253012.0,305648.0,1697269.0,4499.0,2072572.0,0.3886,14.6847,Republic
AS,301435.0,1034186.0,137964.0,753942.0,12177.0,1184010.0,0.3792,10.3581,Alaska
UA,825693.0,3093531.0,508204.0,4108708.0,1116.0,4367618.0,0.3616,14.6291,United
HA,33121.0,215665.0,7597.0,4280.0,1277.0,102330.0,0.309,9.9982,Hawaiian
NK,117136.0,695902.0,46507.0,841008.0,6063.0,685299.0,0.3013,19.42,Spirit
DL,1038644.0,5972222.0,548447.0,2887545.0,10462.0,3939524.0,0.2949,12.8612,Delta
OO,854130.0,7241646.0,2159600.0,2657621.0,13049.0,3342604.0,0.2168,18.047,SkyWest
