dep_hour_local,n_events,primary_min,excess_min,multiplier,multiplier_lo,multiplier_hi
5,7788,477763.0,475085.5927,0.9944,0.9137,1.0783
6,27146,1801022.0,1932869.26,1.0732,1.0186,1.1314
7,36780,2300872.0,2570421.5688,1.1172,1.0706,1.1634
8,38048,2347888.0,2663256.428,1.1343,1.0955,1.1709
9,30807,1809223.0,1940929.0716,1.0728,1.0388,1.1047
10,31191,1842693.0,2023981.5041,1.0984,1.0611,1.1308
11,30285,1812532.0,1861267.828,1.0269,0.9922,1.0567
12,27970,1679636.0,1861349.2774,1.1082,1.0756,1.1436
13,29082,1759304.0,1812815.362,1.0304,1.0035,1.0652
14,29321,1826803.0,1719875.5681,0.9415,0.9164,0.9688
15,29670,1855474.0,1616607.8052,0.8713,0.8489,0.8943
16,27126,1696274.0,1324439.3421,0.7808,0.7603,0.8002
17,21787,1368696.0,957963.284,0.6999,0.6783,0.7235
18,12485,733083.0,488880.1731,0.6669,0.6377,0.6956
19,6854,380125.0,243875.716,0.6416,0.6026,0.6823
20,3311,169180.0,107780.8045,0.6371,0.5589,0.7145
21,2121,105158.0,34233.8424,0.3255,0.2389,0.4262
22,2381,122551.0,42759.4608,0.3489,0.2377,0.4544
23,2110,96528.0,42499.2252,0.4403,0.3043,0.5601
