carrier,n_events,primary_min,excess_min,multiplier,multiplier_lo,multiplier_hi
AA,73064,4756468.0,3879461.6347,0.8156,0.7941,0.8412
AS,15591,752628.0,583722.011,0.7756,0.7443,0.8071
B6,14102,954357.0,903449.8124,0.9467,0.9085,0.9863
DL,51943,3089893.0,2761339.7443,0.8937,0.8588,0.9327
F9,13280,860162.0,1036514.2665,1.205,1.1534,1.2584
G4,5629,355273.0,678569.5378,1.91,1.823,2.0257
HA,762,38181.0,31041.8376,0.813,0.7122,0.9039
MQ,14417,853794.0,774917.0004,0.9076,0.8407,0.9828
NK,6978,439661.0,489365.5628,1.1131,1.0578,1.1776
OH,14738,1123371.0,1296604.914,1.1542,1.1038,1.2111
OO,45705,3464851.0,3924528.5521,1.1327,1.0924,1.1819
UA,44726,2821833.0,1924161.9633,0.6819,0.6506,0.7202
WN,78205,3570714.0,4418763.5235,1.2375,1.1995,1.2778
YX,17550,1123612.0,1031519.0747,0.918,0.8767,0.9665
