group,n_turns,a,a_lo,a_hi,beta,beta_lo,beta_hi,tau,tau_lo,tau_hi,a_tau0,beta_tau0,n_test,mae_constant,rmse_constant,mae_linear,rmse_linear,mae_linear_slack,rmse_linear_slack,mae_hinge_tau0,rmse_hinge_tau0,mae_gbm,rmse_gbm,mae_hinge,rmse_hinge
ATL,182167,1.1416,0.7075,1.5883,1.0438,1.0157,1.0737,57.0,56.0,58.0,5.7563,1.5595,64976,21.5303,40.6829,15.754,31.16,15.5999,30.4297,17.2836,31.6475,11.4173,27.1381,12.6093,27.7566
BOS,69367,1.2964,0.5707,1.8812,1.0156,0.9982,1.0263,52.0,51.475,53.0,8.5905,1.4601,26550,26.9111,44.0514,15.3922,31.9624,15.4451,31.5284,19.3117,33.3629,11.8431,29.1238,13.8115,30.0963
CLT,106089,1.3362,0.9214,1.7321,1.0173,0.9987,1.0366,55.0,54.0,56.0,6.063,1.5178,35838,21.1879,42.126,16.8334,35.7614,16.4858,34.9185,17.3043,35.2347,12.1896,31.7029,12.6254,32.0258
DCA,79374,0.4815,0.0761,1.1592,1.0148,1.0037,1.0309,48.0,47.0,48.0,7.7558,1.422,26152,28.5415,52.5648,18.4928,40.5826,18.0757,39.7233,20.3716,40.0754,14.0298,36.5389,14.6507,36.968
DEN,190467,1.5605,1.1371,2.1172,0.9949,0.9777,1.0097,52.0,52.0,53.0,6.459,1.5002,69802,20.7032,36.2129,14.4452,26.4166,14.1582,25.605,15.7542,26.0429,10.1428,21.7422,10.8682,22.0976
DFW,168290,2.6797,2.2153,3.0903,1.0519,1.0343,1.0692,54.0,53.0,55.0,8.2181,1.5254,61989,24.0525,45.0557,18.2634,36.5353,17.8308,35.3226,19.0572,35.2707,12.1859,30.8997,14.2478,31.6853
LAS,103242,1.2537,0.8993,1.7194,1.0055,0.9961,1.02,52.0,51.0,52.0,8.0509,1.4817,34306,21.6615,37.745,14.4539,27.1781,14.0647,26.532,16.9749,28.3664,10.855,23.77,11.4087,24.3446
LAX,100215,0.2693,-0.0266,0.7111,1.0129,1.0013,1.029,53.0,52.0,53.0,4.9367,1.4615,36612,18.9058,33.9682,14.2149,26.5382,14.1602,26.1324,15.4966,26.6951,10.2002,22.5511,11.3148,23.5261
LGA,73140,0.1159,-0.5713,0.5451,1.0163,0.9958,1.0293,49.0,49.0,50.0,7.0531,1.4213,23375,26.5349,46.9654,15.6125,35.956,15.4819,35.4325,18.9603,36.901,11.9478,32.8199,13.5164,33.8218
MCO,84692,2.627,2.0059,3.3399,1.0466,1.0288,1.0675,56.0,55.0,57.0,10.6617,1.5155,27077,26.4455,45.6036,16.2171,32.6368,16.1032,32.1973,20.055,34.398,12.6813,30.0606,14.2133,30.5139
ORD,197234,3.2247,2.7696,3.782,1.0462,1.0337,1.0606,47.0,46.0,48.0,8.5043,1.4151,74246,23.7738,42.1281,16.3311,32.573,16.3661,31.8101,16.8714,30.593,10.84,27.6738,12.812,28.2328
PHX,113975,0.7855,0.4501,1.1942,0.9962,0.9867,1.0135,51.0,50.0,51.0,6.3605,1.4777,38422,19.4488,35.5888,14.325,28.7416,13.9522,28.0703,15.7121,28.5421,10.1504,24.7381,10.7318,25.3015
SEA,89515,0.819,0.48,1.159,0.9854,0.9546,1.0244,57.0,56.0,58.0,5.9782,1.4952,36274,16.9174,29.6422,13.8267,24.9295,13.5895,24.2413,14.8414,24.8901,9.9146,21.2809,10.7376,21.7459
SFO,76173,1.0129,0.4895,1.379,1.0046,0.9875,1.0158,50.0,50.0,51.0,6.1885,1.4364,30626,24.4986,42.5944,16.5306,29.2063,16.1676,28.3425,17.6484,29.9546,11.1688,24.1399,11.8549,25.0521
SLC,68296,-1.0493,-1.3869,-0.6472,1.0285,1.0165,1.0494,50.0,49.0,51.0,2.3224,1.4772,24175,15.6488,30.6245,11.9538,25.0172,11.9546,24.7596,12.9636,25.2718,9.4594,22.4329,9.8581,23.0694
