dep_hour_local,flights,carrier_min,weather_min,nas_min,security_min,late_aircraft_min,primary_per_flight,reactionary_per_flight,reactionary_share
0,10194.0,62462.0,2825.0,12293.0,0.0,53435.0,7.6104,5.2418,0.4079
1,3352.0,26665.0,2001.0,5438.0,132.0,18964.0,10.2136,5.6575,0.3565
2,1252.0,7847.0,783.0,2097.0,0.0,8538.0,8.5679,6.8195,0.4432
3,654.0,3937.0,0.0,727.0,0.0,6088.0,7.1315,9.3089,0.5662
4,165.0,777.0,23.0,906.0,190.0,538.0,11.4909,3.2606,0.221
5,188630.0,1024571.0,138595.0,223969.0,4366.0,218376.0,7.3769,1.1577,0.1356
6,474401.0,2571435.0,303003.0,748695.0,9763.0,578350.0,7.6579,1.2191,0.1373
7,514122.0,2574930.0,321610.0,1120495.0,9601.0,745137.0,7.8321,1.4493,0.1562
8,479918.0,2181247.0,283003.0,1153928.0,9448.0,1137783.0,7.5588,2.3708,0.2388
9,393028.0,1628896.0,237908.0,1019815.0,5971.0,1297610.0,7.3598,3.3016,0.3097
10,440199.0,1824698.0,292206.0,1175197.0,8904.0,1955441.0,7.4989,4.4422,0.372
11,427249.0,1898172.0,312159.0,1276261.0,8164.0,2212492.0,8.1797,5.1785,0.3877
12,416522.0,2019157.0,380051.0,1401378.0,7518.0,2524713.0,9.1426,6.0614,0.3987
13,415193.0,2026402.0,401157.0,1493713.0,10539.0,2842679.0,9.4698,6.8466,0.4196
14,392755.0,2136545.0,444796.0,1702592.0,9768.0,3000304.0,10.9323,7.6391,0.4113
15,399697.0,2218480.0,494177.0,1831937.0,8862.0,3315701.0,11.3923,8.2955,0.4214
16,397788.0,2261009.0,520481.0,2007768.0,10421.0,3666815.0,12.0659,9.218,0.4331
17,437466.0,2653679.0,630685.0,2276121.0,12969.0,4395609.0,12.7403,10.0479,0.4409
18,405860.0,2508979.0,583357.0,1976746.0,13760.0,4518276.0,12.5236,11.1326,0.4706
19,373626.0,2339443.0,513541.0,1581590.0,11356.0,4368992.0,11.8994,11.6935,0.4956
20,301523.0,2004212.0,393815.0,1076080.0,9586.0,3532994.0,11.5537,11.7172,0.5035
21,232069.0,1725623.0,359458.0,626984.0,6356.0,2358059.0,11.7138,10.161,0.4645
22,151715.0,1182768.0,197115.0,336029.0,3129.0,1367427.0,11.3307,9.0131,0.443
23,58099.0,366905.0,24494.0,83098.0,973.0,317128.0,8.1838,5.4584,0.4001
