origin,n_events,primary_min,excess_min,multiplier,multiplier_lo,multiplier_hi,carrier_mix,excess_over_mix,excess_over_mix_lo,excess_over_mix_hi,name,city,state,lat,lon
MKE,1531,105854.0,142021.1955,1.3417,1.2069,1.4956,1.0738,0.2679,0.1339,0.4227,General Mitchell International Airport,Milwaukee,Wisconsin,42.9469,-87.8971
ORD,26188,1712428.0,1967434.0406,1.1489,1.0927,1.2164,0.8913,0.2576,0.2003,0.325,Chicago O'Hare International Airport,Chicago,Illinois,41.9769,-87.9082
DCA,9008,579403.0,729394.4883,1.2589,1.1894,1.3381,1.0057,0.2531,0.1841,0.3308,Ronald Reagan Washington Ntl Airport,Washington,District of Columbia,38.8514,-77.0377
MDW,4521,219736.0,311964.9033,1.4197,1.3352,1.5105,1.2323,0.1874,0.1027,0.2779,Chicago Midway International Airport,Chicago,Illinois,41.7856,-87.7527
DTW,7844,516644.0,588348.774,1.1388,1.0661,1.2207,0.9891,0.1497,0.0771,0.2306,Detroit Metro Wayne County Airport,Detroit,Michigan,42.2124,-83.3534
LGA,7129,455631.0,474986.4943,1.0425,0.9877,1.0989,0.9184,0.1241,0.0695,0.1819,Laguardia Airport,New York,New York,40.7772,-73.8726
DFW,29400,1850709.0,1829652.6115,0.9886,0.9421,1.0395,0.8798,0.1088,0.0611,0.1589,Dallas-Fort Worth International Airport,Dallas-Fort Worth,Texas,32.8972,-97.0377
DAL,4757,232822.0,308142.5475,1.3235,1.2549,1.3995,1.2296,0.0939,0.0264,0.1698,Dallas Love Field,Dallas,Texas,32.846,-96.8509
HNL,1939,88618.0,82615.8917,0.9323,0.8137,1.0526,0.8563,0.0759,-0.0406,0.1931,Daniel K Inouye International Airport,Honolulu,Hawaii,21.3178,-157.9202
ATL,20120,1085401.0,1105871.8129,1.0189,0.9643,1.0785,0.9518,0.0671,0.0113,0.1289,Hartsfield/Jackson Atlanta International Airport,Atlanta,Georgia,33.6367,-84.4279
STL,3375,180613.0,209462.1652,1.1597,1.0731,1.2389,1.094,0.0657,-0.014,0.1427,St Louis Lambert International Airport,St Louis,Missouri,38.7487,-90.37
EWR,7081,456385.0,373931.9259,0.8193,0.7513,0.8896,0.7589,0.0604,-0.0081,0.1321,Newark Liberty International Airport,Newark,New Jersey,40.6925,-74.1687
BOS,8178,523152.0,503138.9785,0.9617,0.911,1.0109,0.9143,0.0475,-0.0023,0.0966,General Edward Lawrence Logan International Airport,Boston,Massachusetts,42.3629,-71.0064
BWI,6380,280274.0,343120.0132,1.2242,1.1523,1.3121,1.1783,0.0459,-0.0279,0.1341,Baltimore/Washington International Thurgood Marshall Airport,Baltimore,Maryland,39.1757,-76.669
MIA,7989,498034.0,448792.6382,0.9011,0.8526,0.9518,0.8577,0.0435,-0.0037,0.0937,Miami International Airport,Miami,Florida,25.7954,-80.2901
HOU,3321,154266.0,195508.6482,1.2673,1.1978,1.3398,1.2248,0.0425,-0.0269,0.1158,William P Hobby Airport,Houston,Texas,29.6458,-95.2772
RDU,2315,149683.0,141972.8695,0.9485,0.8584,1.0419,0.9262,0.0223,-0.0721,0.1166,Raleigh-Durham International Airport,Raleigh/Durham,North Carolina,35.8776,-78.7875
MSP,6638,413905.0,399175.2767,0.9644,0.9032,1.0373,0.9578,0.0066,-0.0546,0.079,Minneapolis-St Paul International/Wold-Chamberlain Airport,Minneapolis,Minnesota,44.882,-93.2218
PHL,7343,495491.0,472473.8996,0.9535,0.9,1.0142,0.9478,0.0058,-0.0479,0.0625,Philadelphia International Airport,Philadelphia,Pennsylvania,39.8721,-75.2407
OAK,1750,77265.0,93791.6602,1.2139,1.1177,1.3251,1.216,-0.0022,-0.0975,0.1066,Oakland San Francisco Bay Airport,Oakland,California,37.7213,-122.2212
FLL,5857,350958.0,369422.8756,1.0526,0.9953,1.1175,1.0627,-0.0101,-0.0678,0.0546,Fort Lauderdale/Hollywood International Airport,Fort Lauderdale,Florida,26.0717,-80.1497
CMH,2237,137051.0,130555.1259,0.9526,0.8456,1.0595,0.9663,-0.0137,-0.1209,0.0947,John Glenn Columbus International Airport,Columbus,Ohio,39.997,-82.8922
BNA,5717,290253.0,312240.0785,1.0758,1.012,1.1486,1.0982,-0.0225,-0.0844,0.0485,Nashville International Airport,Nashville,Tennessee,36.1245,-86.6782
JFK,6513,435891.0,384501.2765,0.8821,0.824,0.9362,0.9073,-0.0252,-0.0839,0.0297,John F Kennedy International Airport,New York,New York,40.6399,-73.7787
IND,2303,134114.0,132060.7034,0.9847,0.8882,1.0958,1.0113,-0.0267,-0.1231,0.0817,Indianapolis International Airport,Indianapolis,Indiana,39.7173,-86.2946
CLT,14362,890027.0,782644.5582,0.8793,0.8389,0.9219,0.9061,-0.0268,-0.0665,0.015,Charlotte/Douglas International Airport,Charlotte,North Carolina,35.2132,-80.9514
SJC,1775,81982.0,87889.3454,1.0721,0.9523,1.1863,1.1157,-0.0437,-0.1557,0.0677,Mineta San Jose International Airport,San Jose,California,37.363,-121.9286
PDX,2865,145797.0,121191.8965,0.8312,0.7676,0.8925,0.8782,-0.0469,-0.1084,0.0176,Portland International Airport,Portland,Oregon,45.5887,-122.5969
MCI,2216,126365.0,127351.6054,1.0078,0.9132,1.1097,1.0595,-0.0517,-0.1431,0.0505,Kansas City International Airport,Kansas City,Missouri,39.2976,-94.7139
AUS,4763,265363.0,256283.2025,0.9658,0.9102,1.025,1.0228,-0.057,-0.1142,0.0034,Austin-Bergstrom International Airport,Austin,Texas,30.1945,-97.6699
SAT,1620,102079.0,92858.3003,0.9097,0.8084,1.0223,0.9669,-0.0572,-0.1565,0.0564,San Antonio International Airport,San Antonio,Texas,29.534,-98.4691
TPA,3421,197118.0,185170.9216,0.9394,0.8771,1.0075,0.9971,-0.0577,-0.121,0.0091,Tampa International Airport,Tampa,Florida,27.9755,-82.5332
DEN,17804,1004351.0,940527.8907,0.9365,0.8777,0.997,1.0017,-0.0652,-0.1249,-0.0061,Denver International Airport,Denver,Colorado,39.8617,-104.6732
IAD,2655,179808.0,131963.6594,0.7339,0.6621,0.8046,0.8015,-0.0676,-0.1401,0.0029,Washington Dulles International Airport,Washington,District of Columbia,38.9475,-77.4599
MCO,9978,586672.0,576119.0532,0.982,0.9396,1.0306,1.0497,-0.0677,-0.11,-0.0209,Orlando International Airport,Orlando,Florida,28.4294,-81.309
CLE,1951,135672.0,122641.1981,0.904,0.8137,0.9901,0.9729,-0.069,-0.1565,0.0172,Cleveland-Hopkins International Airport,Cleveland,Ohio,41.4094,-81.8547
MSY,2273,126565.0,117985.313,0.9322,0.8528,1.0122,1.0051,-0.0728,-0.1512,0.0022,Louis Armstrong New Orleans International Airport,New Orleans,Louisiana,29.9933,-90.259
CVG,1895,122464.0,124774.2768,1.0189,0.8881,1.1495,1.0926,-0.0738,-0.2051,0.0601,Cincinnati/Northern Kentucky International Airport,Covington,Kentucky,39.0488,-84.6678
PIT,1823,123123.0,116328.5756,0.9448,0.8449,1.0431,1.0233,-0.0785,-0.176,0.0171,Pittsburgh International Airport,Pittsburgh,Pennsylvania,40.4914,-80.2327
SEA,10029,526562.0,412176.076,0.7828,0.7478,0.8224,0.8615,-0.0787,-0.1123,-0.0394,Seattle-Tacoma International Airport,Seattle,Washington,47.4499,-122.3118
LAS,10062,477639.0,503712.4523,1.0546,0.9957,1.1182,1.1442,-0.0896,-0.1446,-0.0297,Harry Reid International Airport,Las Vegas,Nevada,36.0803,-115.1524
IAH,6894,432327.0,309338.2491,0.7155,0.664,0.7753,0.8177,-0.1022,-0.1551,-0.0407,George Bush Intcntl/Houston Airport,Houston,Texas,29.9844,-95.3414
SAN,4550,244701.0,219509.4824,0.8971,0.8422,0.9475,1.0118,-0.1147,-0.1699,-0.0622,San Diego International Airport,San Diego,California,32.7336,-117.1897
PHX,11868,657082.0,588840.9251,0.8961,0.858,0.9376,1.0169,-0.1207,-0.1588,-0.0782,Phoenix Sky Harbor International Airport,Phoenix,Arizona,33.4343,-112.0116
SFO,6370,395128.0,294751.3383,0.746,0.6961,0.8045,0.8672,-0.1212,-0.1709,-0.0621,San Francisco International Airport,San Francisco,California,37.6188,-122.3754
SMF,2476,117044.0,111531.4258,0.9529,0.8506,1.0479,1.1062,-0.1533,-0.2493,-0.0598,Sacramento International Airport,Sacramento,California,38.6954,-121.5908
SNA,1798,102486.0,85290.2342,0.8322,0.7433,0.9228,1.0214,-0.1891,-0.2767,-0.1001,John Wayne/Orange County Airport,Santa Ana,California,33.6757,-117.8682
LAX,10894,652443.0,481346.8104,0.7378,0.7036,0.7758,0.9329,-0.1951,-0.226,-0.1585,Los Angeles International Airport,Los Angeles,California,33.9425,-118.408
SLC,5307,305096.0,238136.7149,0.7805,0.725,0.8403,0.9816,-0.2011,-0.258,-0.1403,Salt Lake City International Airport,Salt Lake City,Utah,40.7884,-111.9778
